e,Training loss,Validation loss
0,0.40889602274239395,0.39670446782542024
1,0.26901633747587167,0.2627405303663223
2,0.21701086525309626,0.20939482272517002
3,0.1775699237154012,0.17032823108886255
4,0.16085800227889924,0.15503952397586743
5,0.16392129109115527,0.15897120261009265
