e,Training loss,Validation loss
0,0.24472020186313462,0.2578677492674093
1,0.229451088973195,0.2946013834667196
